,id,id_tarefa,id_aluno,timestamp
0,1,5070420,3150108,2020-04-07 11:08:37.000000
1,2,5070420,3150115,2020-04-07 17:45:06.000000
2,3,5070420,3150248,2020-04-07 12:02:06.000000
3,4,5070420,3150439,2020-04-07 15:56:40.000000
4,5,5070420,3149860,2020-04-07 13:49:35.000000
5,6,5070420,3150394,2020-04-07 13:30:18.000000
6,7,5070420,3149939,2020-04-07 14:19:52.000000
7,8,5070420,3152279,2020-04-07 17:53:13.000000
8,9,5070420,3156740,2020-04-08 13:45:34.000000
9,10,5070420,3156766,2020-04-08 13:55:25.000000
10,11,5070420,3156799,2020-04-08 14:06:00.000000
11,12,5070420,3156830,2020-04-08 18:09:39.000000
12,13,5070420,3157113,2020-04-09 10:46:39.000000
13,14,5070420,3157141,2020-04-09 20:52:50.000000
14,15,5070420,3156906,2020-04-08 15:34:50.000000
15,16,5070420,3157526,2020-04-08 16:17:41.000000
16,17,5070420,3157552,2020-04-09 11:05:44.000000
17,18,5070420,3157947,2020-04-09 17:51:43.000000
18,19,5070420,3157905,2020-04-08 18:31:29.000000
19,20,5070420,3158442,2020-04-08 19:26:34.000000
20,21,5070420,3161668,2020-04-09 10:20:16.000000
21,22,5070420,3161850,2020-04-09 10:40:52.000000
22,23,5070420,3161825,2020-04-09 11:21:53.000000
23,24,5070420,3161294,2020-04-09 16:54:06.000000
24,25,5070420,3150297,2020-04-09 12:24:34.000000
25,26,5070420,3162279,2020-04-09 13:40:41.000000
26,27,5070420,3162552,2020-04-09 13:56:36.000000
27,28,5070420,3162112,2020-04-09 14:12:10.000000
28,29,5070420,3162787,2020-04-10 11:59:30.000000
29,30,5070420,1212957,2020-04-09 16:20:55.000000
30,31,5070420,3163615,2020-04-10 12:19:58.000000
31,32,5070420,3162796,2020-04-10 11:08:45.000000
32,33,5070420,3157003,2020-04-10 12:21:49.000000
33,34,5070420,3164761,2020-04-10 14:36:50.000000
34,35,5070420,3159940,2020-04-10 14:44:42.000000
35,36,5070420,3157184,2020-04-10 16:15:40.000000
36,37,5070420,3158930,2020-04-10 16:23:56.000000
37,38,5070420,3168980,2020-04-11 10:21:31.000000
38,39,5070420,3166844,2020-04-11 09:18:50.000000
39,40,5070420,3150244,2020-04-12 10:34:23.000000
40,41,5070420,3162046,2020-04-14 10:32:34.000000
41,42,5074680,3149939,2020-04-07 10:35:57.000000
42,43,5074680,3150108,2020-04-07 11:09:38.000000
43,44,5074680,3150115,2020-04-07 17:30:11.000000
44,45,5074680,3150394,2020-04-07 13:44:12.000000
45,46,5074680,3150248,2020-04-07 14:42:41.000000
46,47,5074680,3149860,2020-04-07 14:46:02.000000
47,48,5074680,3152279,2020-04-07 18:07:11.000000
48,49,5074680,3156740,2020-04-08 13:51:04.000000
49,50,5074680,3156799,2020-04-08 14:10:00.000000
50,51,5074680,3156766,2020-04-08 14:36:58.000000
51,52,5074680,3157113,2020-04-10 09:49:33.000000
52,53,5074680,3156906,2020-04-08 15:37:57.000000
53,54,5074680,3156830,2020-04-10 21:17:35.000000
54,55,5074680,3157526,2020-04-08 16:29:55.000000
55,56,5074680,3157905,2020-04-08 18:32:50.000000
56,57,5074680,3150439,2020-04-08 18:49:40.000000
57,58,5074680,3158442,2020-04-08 19:28:38.000000
58,59,5074680,3157141,2020-04-09 20:54:42.000000
59,60,5074680,3161668,2020-04-09 11:19:26.000000
60,61,5074680,3150297,2020-04-09 12:53:30.000000
61,62,5074680,3162279,2020-04-09 14:12:24.000000
62,63,5074680,3162112,2020-04-09 14:22:43.000000
63,64,5074680,3162552,2020-04-09 14:19:29.000000
64,65,5074680,3161294,2020-04-09 16:55:47.000000
65,66,5074680,3157947,2020-04-09 17:55:26.000000
66,67,5074680,3161850,2020-04-10 16:31:51.000000
67,68,5074680,1212957,2020-04-09 19:36:09.000000
68,69,5074680,3162796,2020-04-10 11:10:08.000000
69,70,5074680,3163615,2020-04-10 12:31:06.000000
70,71,5074680,3164761,2020-04-10 15:44:02.000000
71,72,5074680,3157003,2020-04-10 14:04:54.000000
72,73,5074680,3161825,2020-04-11 09:31:41.000000
73,74,5074680,3158930,2020-04-10 16:25:37.000000
74,75,5074680,3157552,2020-04-11 08:48:45.000000
75,76,5074680,3157184,2020-04-10 16:58:26.000000
76,77,5074680,3166844,2020-04-11 09:39:45.000000
77,78,5074680,3159940,2020-04-11 09:50:28.000000
78,79,5074680,3162787,2020-04-17 14:19:28.000000
79,80,5074680,3168980,2020-04-11 11:21:51.000000
80,81,5074680,3150244,2020-04-12 10:35:25.000000
81,82,5074680,3162046,2020-04-14 10:38:15.000000
82,83,5074798,3149939,2020-04-07 10:38:07.000000
83,84,5074798,3150108,2020-04-07 11:15:26.000000
84,85,5074798,3150394,2020-04-07 13:48:20.000000
85,86,5074798,3150248,2020-04-07 14:44:33.000000
86,87,5074798,3149860,2020-04-07 14:54:21.000000
87,88,5074798,3150115,2020-04-07 17:34:47.000000
88,89,5074798,3152279,2020-04-07 18:09:30.000000
89,90,5074798,3156799,2020-04-08 14:13:03.000000
90,91,5074798,3156740,2020-04-08 14:28:58.000000
91,92,5074798,3156766,2020-04-08 14:41:50.000000
92,93,5074798,3156906,2020-04-08 15:41:40.000000
93,94,5074798,3156830,2020-04-10 21:17:47.000000
94,95,5074798,3157526,2020-04-08 16:31:54.000000
95,96,5074798,3157905,2020-04-08 18:35:46.000000
96,97,5074798,3150439,2020-04-08 18:52:03.000000
97,98,5074798,3158442,2020-04-08 19:33:42.000000
98,99,5074798,3161668,2020-04-09 11:23:13.000000
99,100,5074798,3150297,2020-04-09 13:02:57.000000
100,101,5074798,3157141,2020-04-09 20:56:47.000000
101,102,5074798,3162279,2020-04-09 14:14:14.000000
102,103,5074798,3162552,2020-04-09 14:18:21.000000
103,104,5074798,3162112,2020-04-09 14:28:11.000000
104,105,5074798,3157113,2020-04-10 09:51:26.000000
105,106,5074798,3161294,2020-04-09 16:58:55.000000
106,107,5074798,3157947,2020-04-09 18:01:51.000000
107,108,5074798,3161850,2020-04-10 16:36:50.000000
108,109,5074798,1212957,2020-04-09 19:44:16.000000
109,110,5074798,3162796,2020-04-10 11:11:28.000000
110,111,5074798,3163615,2020-04-10 12:39:52.000000
111,112,5074798,3164761,2020-04-10 15:50:02.000000
112,113,5074798,3157003,2020-04-10 14:06:54.000000
113,114,5074798,3161825,2020-04-11 09:31:48.000000
114,115,5074798,3158930,2020-04-10 16:28:27.000000
115,116,5074798,3157552,2020-04-11 08:56:32.000000
116,117,5074798,3157184,2020-04-10 17:00:40.000000
117,118,5074798,3166844,2020-04-11 09:43:38.000000
118,119,5074798,3159940,2020-04-11 09:59:25.000000
119,120,5074798,3168980,2020-04-11 11:28:35.000000
120,121,5074798,3150244,2020-04-12 10:38:38.000000
121,122,5074798,3162046,2020-04-14 10:39:59.000000
122,123,5074798,3162787,2020-04-17 14:22:31.000000
123,124,5074800,3149939,2020-04-07 10:45:00.000000
124,125,5074800,3150108,2020-04-07 11:22:21.000000
125,126,5074800,3150394,2020-04-07 13:53:04.000000
126,127,5074800,3150248,2020-04-07 15:00:14.000000
127,128,5074800,3149860,2020-04-07 15:05:10.000000
128,129,5074800,3150115,2020-04-07 17:42:08.000000
129,130,5074800,3152279,2020-04-07 18:16:46.000000
130,131,5074800,3156799,2020-04-08 14:18:22.000000
131,132,5074800,3156740,2020-04-08 14:38:01.000000
132,133,5074800,3156766,2020-04-08 14:46:42.000000
133,134,5074800,3157141,2020-04-09 21:00:17.000000
134,135,5074800,3156906,2020-04-08 16:08:01.000000
135,136,5074800,3156830,2020-04-10 21:18:00.000000
136,137,5074800,3157526,2020-04-08 16:35:04.000000
137,138,5074800,3157905,2020-04-08 18:42:22.000000
138,139,5074800,3150439,2020-04-08 19:46:27.000000
139,140,5074800,3158442,2020-04-08 19:41:22.000000
140,141,5074800,3161668,2020-04-09 11:33:48.000000
141,142,5074800,3150297,2020-04-09 13:08:55.000000
142,143,5074800,3162279,2020-04-09 14:20:41.000000
143,144,5074800,3162552,2020-04-09 14:20:41.000000
144,145,5074800,3162112,2020-04-09 14:43:55.000000
145,146,5074800,3157113,2020-04-10 10:00:50.000000
146,147,5074800,3161294,2020-04-09 18:34:32.000000
147,148,5074800,3157947,2020-04-09 18:06:57.000000
148,149,5074800,3161850,2020-04-10 16:41:30.000000
149,150,5074800,1212957,2020-04-09 19:49:33.000000
150,151,5074800,3162796,2020-04-10 11:14:43.000000
151,152,5074800,3163615,2020-04-10 12:55:09.000000
152,153,5074800,3164761,2020-04-10 16:05:12.000000
153,154,5074800,3157003,2020-04-10 14:13:59.000000
154,155,5074800,3161825,2020-04-11 09:31:55.000000
155,156,5074800,3158930,2020-04-10 16:34:19.000000
156,157,5074800,3157552,2020-04-11 10:17:36.000000
157,158,5074800,3157184,2020-04-10 17:07:30.000000
158,159,5074800,3166844,2020-04-11 10:09:31.000000
159,160,5074800,3159940,2020-04-11 10:58:20.000000
160,161,5074800,3168980,2020-04-11 11:45:05.000000
161,162,5074800,3150244,2020-04-12 10:45:55.000000
162,163,5074800,3162046,2020-04-14 10:46:12.000000
163,164,5074800,3162787,2020-04-17 14:27:44.000000
164,165,5074802,3149939,2020-04-07 10:46:17.000000
165,166,5074802,3150108,2020-04-07 11:24:02.000000
166,167,5074802,3150394,2020-04-07 13:55:07.000000
167,168,5074802,3150248,2020-04-07 15:04:06.000000
168,169,5074802,3149860,2020-04-07 15:07:48.000000
169,170,5074802,3150115,2020-04-07 17:44:30.000000
170,171,5074802,3152279,2020-04-07 18:18:46.000000
171,172,5074802,3156740,2020-04-08 14:38:40.000000
172,173,5074802,3156799,2020-04-08 14:20:45.000000
173,174,5074802,3156766,2020-04-08 14:47:43.000000
174,175,5074802,3157141,2020-04-09 21:01:15.000000
175,176,5074802,3156906,2020-04-08 16:01:42.000000
176,177,5074802,3156830,2020-04-10 21:18:10.000000
177,178,5074802,3157526,2020-04-08 16:35:46.000000
178,179,5074802,3157905,2020-04-08 18:43:30.000000
179,180,5074802,3150439,2020-04-08 19:52:27.000000
180,181,5074802,3158442,2020-04-08 19:42:59.000000
181,182,5074802,3161668,2020-04-09 11:35:17.000000
182,183,5074802,3150297,2020-04-09 13:10:36.000000
183,184,5074802,3162279,2020-04-09 14:24:41.000000
184,185,5074802,3162552,2020-04-09 14:20:58.000000
185,186,5074802,3162112,2020-04-09 14:53:37.000000
186,187,5074802,3157113,2020-04-10 10:09:36.000000
187,188,5074802,3157947,2020-04-09 18:08:26.000000
188,189,5074802,3161850,2020-04-10 16:44:10.000000
189,190,5074802,1212957,2020-04-09 19:51:00.000000
190,191,5074802,3162796,2020-04-10 11:15:25.000000
191,192,5074802,3163615,2020-04-10 13:05:43.000000
192,193,5074802,3164761,2020-04-10 16:06:19.000000
193,194,5074802,3157003,2020-04-10 14:15:06.000000
194,195,5074802,3161825,2020-04-11 09:32:02.000000
195,196,5074802,3158930,2020-04-10 16:36:14.000000
196,197,5074802,3157552,2020-04-11 10:20:00.000000
197,198,5074802,3157184,2020-04-10 17:09:18.000000
198,199,5074802,3161294,2020-04-11 09:23:38.000000
199,200,5074802,3166844,2020-04-11 10:14:41.000000
200,201,5074802,3159940,2020-04-11 11:00:44.000000
201,202,5074802,3168980,2020-04-11 11:46:33.000000
202,203,5074802,3150244,2020-04-12 10:49:57.000000
203,204,5074802,3162046,2020-04-14 10:47:28.000000
204,205,5074802,3162787,2020-04-17 14:30:00.000000
205,206,5102280,3149939,2020-04-11 10:37:03.000000
206,207,5102280,3156740,2020-04-11 10:41:42.000000
207,208,5102280,3161850,2020-04-11 10:11:14.000000
208,209,5102280,3152279,2020-04-12 14:43:29.000000
209,210,5102280,3162796,2020-04-11 10:10:03.000000
210,211,5102280,3149860,2020-04-11 17:21:15.000000
211,212,5102280,3150297,2020-04-11 12:12:35.000000
212,213,5102280,3150394,2020-04-11 10:36:51.000000
213,214,5102280,3162787,2020-04-17 14:36:18.000000
214,215,5102280,3157526,2020-04-11 17:01:04.000000
215,216,5102280,3161668,2020-04-11 13:31:26.000000
216,217,5102280,3156906,2020-04-11 12:03:02.000000
217,218,5102280,3156830,2020-04-17 15:16:56.000000
218,219,5102280,3158442,2020-04-11 10:43:31.000000
219,220,5102280,3157003,2020-04-11 12:13:10.000000
220,221,5102280,3157947,2020-04-11 10:38:19.000000
221,222,5102280,3150115,2020-04-11 10:22:03.000000
222,223,5102280,3162112,2020-04-14 16:45:30.000000
223,224,5102280,1212957,2020-04-11 10:36:33.000000
224,225,5102280,3157184,2020-04-11 11:31:33.000000
225,226,5102280,3162279,2020-04-14 16:35:00.000000
226,227,5102280,3156766,2020-04-11 11:32:13.000000
227,228,5102280,3161294,2020-04-18 09:26:08.000000
228,229,5102280,3156799,2020-04-11 11:47:16.000000
229,230,5102280,3164761,2020-04-11 16:37:36.000000
230,231,5102280,3150108,2020-04-11 18:19:30.000000
231,232,5102280,3157141,2020-04-12 19:44:28.000000
232,233,5102280,3150244,2020-04-17 16:22:39.000000
233,234,5102280,3162552,2020-04-12 22:35:52.000000
234,235,5102280,3157552,2020-04-13 18:48:52.000000
235,236,5102280,3157905,2020-04-13 20:54:22.000000
236,237,5102280,3166844,2020-04-14 08:52:24.000000
237,238,5102280,3150248,2020-04-14 13:26:56.000000
238,239,5102280,3157113,2020-04-15 08:58:06.000000
239,240,5102280,3162046,2020-04-16 08:44:15.000000
240,241,5102280,3159940,2020-04-16 19:03:02.000000
241,242,5102280,3158930,2020-04-16 18:07:26.000000
242,243,5102280,3150439,2020-04-17 18:19:08.000000
243,244,5102280,3161825,2020-04-18 09:55:39.000000
244,245,5102280,3168980,2020-04-25 00:03:37.000000
245,246,5102411,3149939,2020-04-11 10:37:14.000000
246,247,5102411,3150115,2020-04-11 10:28:46.000000
247,248,5102411,3161825,2020-04-11 10:09:58.000000
248,249,5102411,3161850,2020-04-11 10:29:45.000000
249,250,5102411,3150394,2020-04-11 19:45:57.000000
250,251,5102411,3157003,2020-04-11 12:18:53.000000
251,252,5102411,3162796,2020-04-11 10:31:56.000000
252,253,5102411,3162112,2020-04-14 17:52:38.000000
253,254,5102411,1212957,2020-04-11 10:41:14.000000
254,255,5102411,3162787,2020-04-17 14:37:19.000000
255,256,5102411,3157947,2020-04-11 10:43:30.000000
256,257,5102411,3156740,2020-04-11 10:44:28.000000
257,258,5102411,3152279,2020-04-12 14:49:01.000000
258,259,5102411,3156766,2020-04-11 14:35:23.000000
259,260,5102411,3156906,2020-04-11 12:10:22.000000
260,261,5102411,3157184,2020-04-11 11:41:11.000000
261,262,5102411,3156799,2020-04-11 11:50:20.000000
262,263,5102411,3150297,2020-04-11 12:18:58.000000
263,264,5102411,3157526,2020-04-11 17:09:27.000000
264,265,5102411,3161668,2020-04-11 15:25:25.000000
265,266,5102411,3164761,2020-04-11 18:24:06.000000
266,267,5102411,3149860,2020-04-11 17:26:44.000000
267,268,5102411,3150108,2020-04-11 18:25:33.000000
268,269,5102411,3157141,2020-04-12 19:44:35.000000
269,270,5102411,3150244,2020-04-17 16:41:15.000000
270,271,5102411,3162552,2020-04-12 22:32:22.000000
271,272,5102411,3157113,2020-04-14 15:56:58.000000
272,273,5102411,3162279,2020-04-14 16:16:32.000000
273,274,5102411,3157552,2020-04-14 14:38:51.000000
274,275,5102411,3157905,2020-04-13 20:56:45.000000
275,276,5102411,3166844,2020-04-14 09:55:52.000000
276,277,5102411,3156830,2020-04-17 15:17:07.000000
277,278,5102411,3150248,2020-04-14 13:33:47.000000
278,279,5102411,3158442,2020-04-14 18:05:38.000000
279,280,5102411,3162046,2020-04-16 08:49:54.000000
280,281,5102411,3159940,2020-04-16 18:29:25.000000
281,282,5102411,3158930,2020-04-16 18:15:59.000000
282,283,5102411,3161294,2020-04-18 09:38:59.000000
283,284,5102411,3150439,2020-04-17 18:23:34.000000
284,285,5102411,3168980,2020-04-25 00:11:18.000000
285,286,5102427,3149939,2020-04-11 10:38:11.000000
286,287,5102427,3161825,2020-04-11 10:29:10.000000
287,288,5102427,3150394,2020-04-13 09:00:15.000000
288,289,5102427,3150115,2020-04-16 21:33:35.000000
289,290,5102427,3162112,2020-04-14 18:34:45.000000
290,291,5102427,1212957,2020-04-11 11:14:32.000000
291,292,5102427,3157947,2020-04-11 10:53:35.000000
292,293,5102427,3162787,2020-04-17 14:47:05.000000
293,294,5102427,3156740,2020-04-11 12:27:29.000000
294,295,5102427,3162796,2020-04-11 11:13:44.000000
295,296,5102427,3152279,2020-04-12 14:59:48.000000
296,297,5102427,3156766,2020-04-11 19:40:36.000000
297,298,5102427,3157184,2020-04-17 16:57:40.000000
298,299,5102427,3156799,2020-04-11 12:37:41.000000
299,300,5102427,3156906,2020-04-11 12:46:37.000000
300,301,5102427,3150297,2020-04-11 12:28:35.000000
301,302,5102427,3157526,2020-04-11 17:25:05.000000
302,303,5102427,3161668,2020-04-11 15:52:19.000000
303,304,5102427,3149860,2020-04-11 18:11:52.000000
304,305,5102427,3150108,2020-04-11 18:33:38.000000
305,306,5102427,3164761,2020-04-12 10:37:06.000000
306,307,5102427,3157141,2020-04-12 20:06:26.000000
307,308,5102427,3162552,2020-04-12 22:48:50.000000
308,309,5102427,3157113,2020-04-14 16:07:04.000000
309,310,5102427,3162279,2020-04-14 16:49:49.000000
310,311,5102427,3157552,2020-04-14 16:42:45.000000
311,312,5102427,3157905,2020-04-13 21:13:35.000000
312,313,5102427,3166844,2020-04-18 09:25:12.000000
313,314,5102427,3156830,2020-04-17 15:18:34.000000
314,315,5102427,3158442,2020-04-14 18:33:31.000000
315,316,5102427,3162046,2020-04-16 09:21:53.000000
316,317,5102427,3150248,2020-04-15 17:46:40.000000
317,318,5102427,3157003,2020-04-16 14:52:38.000000
318,319,5102427,3159940,2020-04-16 18:49:34.000000
319,320,5102427,3158930,2020-04-16 18:32:08.000000
320,321,5102427,3150244,2020-04-17 18:48:32.000000
321,322,5102427,3150439,2020-04-17 21:32:07.000000
322,323,5102427,3168980,2020-04-25 00:22:28.000000
323,324,5103612,3149939,2020-04-11 10:38:22.000000
324,325,5103612,3161825,2020-04-11 10:51:43.000000
325,326,5103612,3162796,2020-04-11 11:29:08.000000
326,327,5103612,3162112,2020-04-14 19:01:17.000000
327,328,5103612,1212957,2020-04-11 11:28:20.000000
328,329,5103612,3150115,2020-04-15 22:25:33.000000
329,330,5103612,3150394,2020-04-13 09:03:43.000000
330,331,5103612,3156830,2020-04-17 15:18:46.000000
331,332,5103612,3152279,2020-04-12 15:12:37.000000
332,333,5103612,3156766,2020-04-11 19:57:01.000000
333,334,5103612,3157947,2020-04-11 11:04:56.000000
334,335,5103612,3156740,2020-04-11 11:35:27.000000
335,336,5103612,3150297,2020-04-11 12:34:13.000000
336,337,5103612,3156799,2020-04-11 12:43:11.000000
337,338,5103612,3157526,2020-04-11 17:28:48.000000
338,339,5103612,3161668,2020-04-11 16:07:10.000000
339,340,5103612,3150108,2020-04-11 18:37:39.000000
340,341,5103612,3149860,2020-04-11 18:31:39.000000
341,342,5103612,3164761,2020-04-12 11:00:20.000000
342,343,5103612,3157141,2020-04-12 20:03:02.000000
343,344,5103612,3162552,2020-04-12 22:57:43.000000
344,345,5103612,3157113,2020-04-14 16:14:38.000000
345,346,5103612,3162279,2020-04-14 17:01:08.000000
346,347,5103612,3157552,2020-04-14 15:25:38.000000
347,348,5103612,3157905,2020-04-13 21:16:51.000000
348,349,5103612,3150248,2020-04-15 17:50:26.000000
349,350,5103612,3158442,2020-04-14 18:59:12.000000
350,351,5103612,3162046,2020-04-16 09:26:14.000000
351,352,5103612,3157003,2020-04-16 15:14:47.000000
352,353,5103612,3159940,2020-04-16 19:00:11.000000
353,354,5103612,3158930,2020-04-16 18:57:44.000000
354,355,5103612,3162787,2020-04-17 14:50:35.000000
355,356,5103612,3150244,2020-04-17 18:56:49.000000
356,357,5103612,3157184,2020-04-17 17:11:03.000000
357,358,5103612,3150439,2020-04-17 18:40:37.000000
358,359,5103612,3166844,2020-04-18 09:25:49.000000
359,360,5103612,3168980,2020-04-25 00:30:44.000000
360,361,5103619,3157003,2020-04-12 20:35:55.000000
361,362,5103619,3162796,2020-04-11 15:28:42.000000
362,363,5103619,3162112,2020-04-14 19:18:54.000000
363,364,5103619,1212957,2020-04-11 14:59:36.000000
364,365,5103619,3166844,2020-04-18 09:25:58.000000
365,366,5103619,3150115,2020-04-15 22:31:53.000000
366,367,5103619,3152279,2020-04-12 15:16:14.000000
367,368,5103619,3156766,2020-04-11 20:07:13.000000
368,369,5103619,3157947,2020-04-11 11:57:42.000000
369,370,5103619,3156740,2020-04-11 11:57:07.000000
370,371,5103619,3156799,2020-04-12 14:58:25.000000
371,372,5103619,3157526,2020-04-11 17:32:51.000000
372,373,5103619,3164761,2020-04-12 11:26:06.000000
373,374,5103619,3161668,2020-04-11 16:20:34.000000
374,375,5103619,3150297,2020-04-11 16:25:42.000000
375,376,5103619,3149860,2020-04-11 18:40:26.000000
376,377,5103619,3161825,2020-04-11 17:31:01.000000
377,378,5103619,3150108,2020-04-12 09:38:30.000000
378,379,5103619,3157141,2020-04-12 20:02:23.000000
379,380,5103619,3149939,2020-04-12 15:04:36.000000
380,381,5103619,3161850,2020-04-17 17:50:36.000000
381,382,5103619,3162552,2020-04-19 20:47:10.000000
382,383,5103619,3150394,2020-04-13 09:19:10.000000
383,384,5103619,3157113,2020-04-14 16:17:25.000000
384,385,5103619,3162279,2020-04-14 17:09:24.000000
385,386,5103619,3157552,2020-04-14 15:33:28.000000
386,387,5103619,3157905,2020-04-13 21:19:05.000000
387,388,5103619,3156830,2020-04-17 15:18:56.000000
388,389,5103619,3158442,2020-04-14 19:19:30.000000
389,390,5103619,3150248,2020-04-15 17:55:33.000000
390,391,5103619,3162046,2020-04-16 09:30:40.000000
391,392,5103619,3159940,2020-04-16 19:02:34.000000
392,393,5103619,3158930,2020-04-16 20:16:03.000000
393,394,5103619,3162787,2020-04-17 14:53:18.000000
394,395,5103619,3157184,2020-04-17 17:15:58.000000
395,396,5103619,3150439,2020-04-17 18:44:42.000000
396,397,5103619,3150244,2020-04-17 19:04:44.000000
397,398,5103619,3168980,2020-04-25 00:34:52.000000
398,399,5141807,3162112,2020-04-22 15:47:32.000000
399,400,5141807,3157141,2020-04-18 11:43:26.000000
400,401,5141807,3156766,2020-04-18 15:12:57.000000
401,402,5141807,3157184,2020-04-20 17:48:38.000000
402,403,5141807,3162796,2020-04-19 14:46:32.000000
403,404,5141807,3149939,2020-04-18 11:12:24.000000
404,405,5141807,1212957,2020-04-18 11:49:47.000000
405,406,5141807,3156830,2020-04-18 11:47:53.000000
406,407,5141807,3156740,2020-04-18 12:31:53.000000
407,408,5141807,3156906,2020-04-18 13:02:18.000000
408,409,5141807,3150108,2020-04-18 14:38:24.000000
409,410,5141807,3150297,2020-04-18 14:25:31.000000
410,411,5141807,3157526,2020-04-18 15:39:04.000000
411,412,5141807,3149860,2020-04-18 17:37:07.000000
412,413,5141807,3156799,2020-04-18 22:20:55.000000
413,414,5141807,3161668,2020-04-19 08:54:51.000000
414,415,5141807,3164761,2020-04-19 14:28:32.000000
415,416,5141807,3157947,2020-04-19 12:44:58.000000
416,417,5141807,3166844,2020-04-19 15:23:45.000000
417,418,5141807,3157552,2020-04-19 16:33:51.000000
418,419,5141807,3162552,2020-04-19 21:30:32.000000
419,420,5141807,3158442,2020-04-22 18:32:33.000000
420,421,5141807,3162279,2020-04-20 20:30:40.000000
421,422,5141807,3162046,2020-04-21 09:54:14.000000
422,423,5141807,3152279,2020-04-21 13:01:54.000000
423,424,5141807,3150115,2020-04-24 19:32:13.000000
424,425,5141807,3159940,2020-04-22 17:34:03.000000
425,426,5141807,3150394,2020-04-22 19:20:22.000000
426,427,5141807,3157113,2020-04-23 14:42:26.000000
427,428,5141807,3158930,2020-04-24 13:39:21.000000
428,429,5141807,3162787,2020-04-24 08:53:03.000000
429,430,5141807,3150248,2020-04-24 13:55:01.000000
430,431,5141807,3157905,2020-04-24 15:40:24.000000
431,432,5141807,3157003,2020-04-24 15:20:02.000000
432,433,5141807,3150439,2020-04-24 22:47:16.000000
433,434,5141807,3161850,2020-04-24 23:01:20.000000
434,435,5141807,3150244,2020-04-25 08:12:27.000000
435,436,5142127,3162796,2020-04-19 14:49:14.000000
436,437,5142127,3162112,2020-04-24 07:50:11.000000
437,438,5142127,3157141,2020-04-18 11:55:40.000000
438,439,5142127,3156830,2020-04-18 12:12:31.000000
439,440,5142127,1212957,2020-04-20 19:21:32.000000
440,441,5142127,3156740,2020-04-18 13:20:16.000000
441,442,5142127,3156906,2020-04-21 09:50:55.000000
442,443,5142127,3150297,2020-04-18 14:50:30.000000
443,444,5142127,3150108,2020-04-18 14:42:07.000000
444,445,5142127,3157526,2020-04-18 15:45:40.000000
445,446,5142127,3156766,2020-04-18 15:58:39.000000
446,447,5142127,3149860,2020-04-18 17:42:09.000000
447,448,5142127,3156799,2020-04-18 22:28:39.000000
448,449,5142127,3161668,2020-04-19 14:44:25.000000
449,450,5142127,3164761,2020-04-19 15:52:06.000000
450,451,5142127,3157947,2020-04-24 19:54:41.000000
451,452,5142127,3166844,2020-04-25 09:29:19.000000
452,453,5142127,3157552,2020-04-19 16:49:20.000000
453,454,5142127,3162552,2020-04-19 21:40:02.000000
454,455,5142127,3158442,2020-04-24 17:03:09.000000
455,456,5142127,3157184,2020-04-24 18:46:02.000000
456,457,5142127,3149939,2020-04-20 22:28:26.000000
457,458,5142127,3162046,2020-04-21 10:03:07.000000
458,459,5142127,3150115,2020-04-24 21:06:45.000000
459,460,5142127,3159940,2020-04-22 17:49:44.000000
460,461,5142127,3150244,2020-04-25 08:20:08.000000
461,462,5142127,3150394,2020-04-23 20:43:34.000000
462,463,5142127,3157113,2020-04-23 14:47:38.000000
463,464,5142127,3158930,2020-04-24 13:44:04.000000
464,465,5142127,3150248,2020-04-24 10:10:49.000000
465,466,5142127,3157905,2020-04-24 19:41:39.000000
466,467,5142127,3157003,2020-04-24 15:26:27.000000
467,468,5142127,3150439,2020-04-25 09:23:41.000000
468,469,5142127,3161850,2020-04-24 23:28:27.000000
469,470,5142127,3152279,2020-04-25 09:19:29.000000
470,471,5142127,3162787,2020-04-25 10:35:39.000000
471,472,5143121,3162796,2020-04-19 13:53:01.000000
472,473,5143121,3162112,2020-04-22 15:25:18.000000
473,474,5143121,3157141,2020-04-18 11:46:14.000000
474,475,5143121,3162787,2020-04-25 10:14:19.000000
475,476,5143121,3157947,2020-04-19 12:40:22.000000
476,477,5143121,1212957,2020-04-18 11:30:57.000000
477,478,5143121,3149939,2020-04-18 11:09:20.000000
478,479,5143121,3156830,2020-04-18 11:39:23.000000
479,480,5143121,3156740,2020-04-18 12:11:23.000000
480,481,5143121,3156906,2020-04-18 12:49:28.000000
481,482,5143121,3150108,2020-04-18 13:03:38.000000
482,483,5143121,3150297,2020-04-18 14:18:48.000000
483,484,5143121,3156766,2020-04-18 15:07:30.000000
484,485,5143121,3157526,2020-04-18 15:28:17.000000
485,486,5143121,3149860,2020-04-18 17:30:28.000000
486,487,5143121,3156799,2020-04-18 22:16:15.000000
487,488,5143121,3161668,2020-04-19 08:42:48.000000
488,489,5143121,3164761,2020-04-19 13:56:34.000000
489,490,5143121,3166844,2020-04-19 14:56:53.000000
490,491,5143121,3157552,2020-04-19 16:23:44.000000
491,492,5143121,3162552,2020-04-19 21:22:05.000000
492,493,5143121,3157184,2020-04-20 17:26:17.000000
493,494,5143121,3158442,2020-04-20 18:18:55.000000
494,495,5143121,3162279,2020-04-20 20:24:29.000000
495,496,5143121,3162046,2020-04-21 09:48:34.000000
496,497,5143121,3152279,2020-04-21 12:55:47.000000
497,498,5143121,3150115,2020-04-24 21:08:38.000000
498,499,5143121,3159940,2020-04-22 17:20:55.000000
499,500,5143121,3150394,2020-04-22 19:12:23.000000
500,501,5143121,3157113,2020-04-23 14:38:25.000000
501,502,5143121,3158930,2020-04-24 13:27:38.000000
502,503,5143121,3150248,2020-04-24 09:48:03.000000
503,504,5143121,3157905,2020-04-24 15:31:10.000000
504,505,5143121,3157003,2020-04-24 15:14:10.000000
505,506,5143121,3150439,2020-04-24 22:39:39.000000
506,507,5143121,3150244,2020-04-25 08:01:31.000000
507,508,5143121,3161850,2020-04-25 09:29:42.000000
508,509,5143121,3161294,2020-04-25 09:57:23.000000
509,510,5143122,3162796,2020-04-19 13:45:49.000000
510,511,5143122,3162112,2020-04-22 15:14:26.000000
511,512,5143122,3157141,2020-04-18 10:52:48.000000
512,513,5143122,3157947,2020-04-19 12:35:11.000000
513,514,5143122,3162787,2020-04-25 10:12:59.000000
514,515,5143122,1212957,2020-04-18 11:00:39.000000
515,516,5143122,3150394,2020-04-22 19:03:21.000000
516,517,5143122,3157184,2020-04-20 17:14:31.000000
517,518,5143122,3149939,2020-04-18 11:06:25.000000
518,519,5143122,3156830,2020-04-18 14:48:11.000000
519,520,5143122,3157003,2020-04-24 15:08:08.000000
520,521,5143122,3156740,2020-04-18 12:09:28.000000
521,522,5143122,3156906,2020-04-18 12:45:50.000000
522,523,5143122,3150108,2020-04-18 13:01:09.000000
523,524,5143122,3150297,2020-04-18 14:15:15.000000
524,525,5143122,3156766,2020-04-18 15:05:00.000000
525,526,5143122,3157526,2020-04-18 15:26:30.000000
526,527,5143122,3149860,2020-04-18 17:27:22.000000
527,528,5143122,3156799,2020-04-18 22:13:29.000000
528,529,5143122,3161668,2020-04-19 08:37:19.000000
529,530,5143122,3164761,2020-04-19 16:26:45.000000
530,531,5143122,3166844,2020-04-19 14:38:05.000000
531,532,5143122,3157552,2020-04-19 16:12:30.000000
532,533,5143122,3162552,2020-04-19 21:19:22.000000
533,534,5143122,3158442,2020-04-20 18:09:29.000000
534,535,5143122,3162279,2020-04-20 20:21:10.000000
535,536,5143122,3162046,2020-04-21 09:46:36.000000
536,537,5143122,3152279,2020-04-21 12:51:42.000000
537,538,5143122,3150115,2020-04-21 14:23:21.000000
538,539,5143122,3159940,2020-04-22 17:15:24.000000
539,540,5143122,3150244,2020-04-25 07:58:31.000000
540,541,5143122,3157113,2020-04-23 14:33:51.000000
541,542,5143122,3158930,2020-04-24 13:23:23.000000
542,543,5143122,3150248,2020-04-24 09:45:44.000000
543,544,5143122,3157905,2020-04-24 14:15:12.000000
544,545,5143122,3150439,2020-04-24 22:36:42.000000
545,546,5143122,3161850,2020-04-24 22:56:05.000000
546,547,5143122,3161294,2020-04-25 09:45:09.000000
547,548,5143123,3162796,2020-04-19 13:39:00.000000
548,549,5143123,3162112,2020-04-22 14:57:42.000000
549,550,5143123,3157141,2020-04-18 10:37:32.000000
550,551,5143123,3156766,2020-04-18 14:58:34.000000
551,552,5143123,3150297,2020-04-18 14:06:14.000000
552,553,5143123,3156830,2020-04-18 11:14:51.000000
553,554,5143123,3157184,2020-04-18 10:58:49.000000
554,555,5143123,3157947,2020-04-18 10:40:11.000000
555,556,5143123,3162787,2020-04-24 08:36:47.000000
556,557,5143123,1212957,2020-04-18 10:51:14.000000
557,558,5143123,3150394,2020-04-22 18:59:48.000000
558,559,5143123,3150115,2020-04-21 14:08:27.000000
559,560,5143123,3149939,2020-04-18 11:04:23.000000
560,561,5143123,3157003,2020-04-18 11:15:43.000000
561,562,5143123,3156740,2020-04-18 12:06:35.000000
562,563,5143123,3156906,2020-04-18 12:13:18.000000
563,564,5143123,3150108,2020-04-18 12:58:21.000000
564,565,5143123,3157526,2020-04-18 15:24:05.000000
565,566,5143123,3149860,2020-04-18 17:22:04.000000
566,567,5143123,3156799,2020-04-18 22:09:50.000000
567,568,5143123,3161668,2020-04-19 08:34:14.000000
568,569,5143123,3164761,2020-04-19 13:02:30.000000
569,570,5143123,3166844,2020-04-19 14:31:29.000000
570,571,5143123,3157552,2020-04-19 16:06:00.000000
571,572,5143123,3162552,2020-04-19 21:14:51.000000
572,573,5143123,3158442,2020-04-20 17:52:27.000000
573,574,5143123,3162279,2020-04-20 20:12:31.000000
574,575,5143123,3162046,2020-04-21 09:43:36.000000
575,576,5143123,3152279,2020-04-21 12:46:27.000000
576,577,5143123,3161825,2020-04-25 09:05:54.000000
577,578,5143123,3159940,2020-04-22 17:53:07.000000
578,579,5143123,3150244,2020-04-25 07:51:38.000000
579,580,5143123,3157113,2020-04-23 14:34:53.000000
580,581,5143123,3158930,2020-04-24 13:06:48.000000
581,582,5143123,3150248,2020-04-24 09:41:34.000000
582,583,5143123,3157905,2020-04-24 13:52:39.000000
583,584,5143123,3150439,2020-04-24 22:32:44.000000
584,585,5143123,3161850,2020-04-24 22:38:10.000000
585,586,5143123,3161294,2020-04-25 09:29:54.000000
586,587,5143346,3156766,2020-04-25 19:43:25.000000
587,588,5143346,1212957,2020-04-25 17:50:45.000000
588,589,5143346,3157141,2020-04-25 11:56:49.000000
589,590,5143346,3162279,2020-04-25 10:59:46.000000
590,591,5143346,3156799,2020-04-25 11:00:25.000000
591,592,5143346,3157526,2020-04-25 11:47:15.000000
592,593,5143346,3149939,2020-04-25 11:22:16.000000
593,594,5143346,3150108,2020-04-25 11:28:22.000000
594,595,5143346,3150297,2020-04-25 14:38:27.000000
595,596,5143346,3149860,2020-04-26 12:55:39.000000
596,597,5143346,3157947,2020-04-27 13:32:41.000000
597,598,5143365,3156766,2020-04-26 10:34:16.000000
598,599,5143365,3157526,2020-04-26 15:55:29.000000
599,600,5143365,3156799,2020-04-25 11:07:19.000000
600,601,5143365,3149939,2020-04-25 11:28:27.000000
601,602,5143365,3150108,2020-04-25 11:48:04.000000
602,603,5143365,3150297,2020-04-25 14:58:02.000000
603,604,5143365,1212957,2020-04-26 12:55:40.000000
604,605,5143365,3149860,2020-04-26 13:43:46.000000
605,606,5143517,3156766,2020-04-26 09:42:21.000000
606,607,5143517,3149939,2020-04-25 11:35:14.000000
607,608,5143517,3150108,2020-04-25 23:15:20.000000
608,609,5143517,3150297,2020-04-26 10:23:47.000000
609,610,5143517,3157526,2020-04-26 16:01:42.000000
610,611,5143517,3149860,2020-04-26 14:55:05.000000
611,612,5143659,3156766,2020-04-26 10:12:33.000000
612,613,5143659,3149939,2020-04-25 11:56:45.000000
613,614,5143659,3156799,2020-04-27 09:15:21.000000
614,615,5143659,3150108,2020-04-26 21:24:39.000000
615,616,5143659,3150297,2020-04-26 11:09:17.000000
616,617,5143659,3157526,2020-04-26 16:11:29.000000
617,618,5143685,3149939,2020-04-25 13:17:00.000000
618,619,5143685,3156799,2020-04-27 10:10:53.000000
619,620,5143685,3150108,2020-04-26 11:53:29.000000
620,621,5186601,3156766,2020-04-26 20:14:01.000000
621,622,5186601,3157526,2020-04-25 11:11:49.000000
622,623,5186601,3149939,2020-04-25 13:28:55.000000
623,624,5186601,3156799,2020-04-27 10:27:17.000000
624,625,5186601,3150108,2020-04-26 11:41:07.000000
625,626,5186732,3156766,2020-04-26 11:03:03.000000
626,627,5186732,3149939,2020-04-25 13:29:56.000000
627,628,5186732,3156799,2020-04-27 10:28:44.000000
628,629,5186732,3150108,2020-04-26 11:22:38.000000
629,630,5186732,3157526,2020-04-26 19:03:43.000000
630,631,5186755,3156766,2020-04-26 13:12:04.000000
631,632,5186755,3149939,2020-04-25 15:32:25.000000
632,633,5186755,3156799,2020-04-27 10:35:23.000000
633,634,5186755,3150108,2020-04-26 11:19:40.000000
634,635,5186768,3156766,2020-04-26 13:12:56.000000
635,636,5186768,3149939,2020-04-25 14:09:09.000000
636,637,5186768,3156799,2020-04-27 10:38:27.000000
637,638,5186768,3150108,2020-04-26 11:15:10.000000
638,639,5186768,3157526,2020-04-26 19:27:23.000000
639,640,5186772,3156766,2020-04-26 10:22:41.000000
640,641,5186772,3156799,2020-04-27 10:40:43.000000
641,642,5186772,3150108,2020-04-25 11:31:02.000000
642,643,5186772,3149939,2020-04-25 14:17:30.000000
643,644,5186772,3157526,2020-04-26 18:58:48.000000
644,645,5186772,3149860,2020-04-27 12:55:07.000000
645,646,5186841,3156766,2020-04-26 13:27:28.000000
646,647,5186841,3150108,2020-04-25 11:34:16.000000
647,648,5186841,3149939,2020-04-25 15:07:40.000000
648,649,5186841,3156799,2020-04-27 10:43:51.000000
649,650,5186841,3157526,2020-04-26 19:01:34.000000
650,651,5186848,3156766,2020-04-26 20:22:17.000000
651,652,5186848,3150108,2020-04-25 11:42:17.000000
652,653,5186848,3149939,2020-04-26 15:17:58.000000
653,654,5186848,3156799,2020-04-27 10:54:56.000000
654,655,5186848,1212957,2020-04-26 14:36:45.000000
655,656,5186848,3157526,2020-04-26 19:12:08.000000
656,657,11,3161825,2020-04-09 12:37:02.000000
657,658,11,3162796,2020-04-10 13:25:22.000000
658,659,11,3164761,2020-04-10 16:17:55.000000
659,660,11,3168980,2020-04-11 12:16:53.000000
660,661,11,3161668,2020-04-09 12:05:10.000000
661,662,11,3162112,2020-04-09 17:34:13.000000
662,663,11,3157003,2020-04-10 15:02:39.000000
663,664,11,3150248,2020-04-07 15:38:15.000000
664,665,11,3149860,2020-04-07 15:42:40.000000
665,666,11,3156740,2020-04-08 15:46:21.000000
666,667,11,3156906,2020-04-08 17:31:44.000000
667,668,11,3150297,2020-04-09 13:49:18.000000
668,669,11,3162279,2020-04-09 15:10:04.000000
669,670,11,1212957,2020-04-09 20:31:01.000000
670,671,11,3157141,2020-04-09 22:06:01.000000
671,672,11,3157947,2020-04-09 23:16:01.000000
672,673,11,3157113,2020-04-10 11:26:47.000000
673,674,11,3158930,2020-04-10 17:11:06.000000
674,675,11,3157552,2020-04-10 17:37:56.000000
675,676,11,3150115,2020-04-10 23:27:31.000000
676,677,11,3159940,2020-04-11 12:05:46.000000
677,678,11,3149939,2020-04-07 13:47:29.000000
678,679,11,3150394,2020-04-07 15:32:13.000000
679,680,11,3152279,2020-04-07 19:29:10.000000
680,681,11,3157526,2020-04-08 17:58:59.000000
681,682,11,3157905,2020-04-10 14:20:37.000000
682,683,11,3157184,2020-04-10 17:48:04.000000
683,684,11,3161850,2020-04-10 18:55:20.000000
684,685,11,3158442,2020-04-10 20:23:32.000000
685,686,11,3150108,2020-04-07 12:51:36.000000
686,687,11,3156799,2020-04-08 15:32:40.000000
687,688,11,3156766,2020-04-08 15:35:24.000000
688,689,11,3150439,2020-04-08 19:45:48.000000
689,690,11,3150244,2020-04-12 12:19:35.000000
690,691,11,3162046,2020-04-14 11:35:55.000000
691,692,12,3157905,2020-04-11 12:10:19.000000
692,693,12,3149939,2020-04-11 12:33:12.000000
693,694,12,3152279,2020-04-11 13:03:57.000000
694,695,12,3150297,2020-04-11 13:50:42.000000
695,696,12,3164761,2020-04-11 15:36:09.000000
696,697,12,3162796,2020-04-11 17:22:20.000000
697,698,12,3161668,2020-04-11 18:16:18.000000
698,699,12,3149860,2020-04-11 18:37:41.000000
699,700,12,3157526,2020-04-11 18:40:37.000000
700,701,12,3150108,2020-04-11 19:06:17.000000
701,702,12,3156766,2020-04-11 20:39:49.000000
702,703,12,3157141,2020-04-12 21:13:36.000000
703,704,12,3162552,2020-04-12 21:33:43.000000
704,705,12,3150394,2020-04-13 10:54:29.000000
705,706,12,3162279,2020-04-13 15:55:54.000000
706,707,12,3157552,2020-04-13 16:05:43.000000
707,708,12,3150248,2020-04-14 14:19:29.000000
708,709,12,3157113,2020-04-14 17:38:07.000000
709,710,12,3162046,2020-04-15 15:20:04.000000
710,711,12,3158930,2020-04-15 19:08:16.000000
711,712,12,3150115,2020-04-15 23:22:18.000000
712,713,12,3162112,2020-04-16 10:15:30.000000
713,714,12,3159940,2020-04-16 20:18:22.000000
714,715,12,3156830,2020-04-17 16:47:37.000000
715,716,12,3157184,2020-04-17 17:28:47.000000
716,717,12,1212957,2020-04-17 17:40:27.000000
717,718,12,3161850,2020-04-17 17:58:37.000000
718,719,12,3150439,2020-04-17 18:37:56.000000
719,720,12,3158442,2020-04-17 21:48:02.000000
720,721,12,3161825,2020-04-18 09:55:02.000000
721,722,12,3150244,2020-04-18 10:36:16.000000
722,723,12,3168980,2020-04-25 00:20:02.000000
723,724,13,3150108,2020-04-18 13:53:44.000000
724,725,13,3149939,2020-04-18 16:00:44.000000
725,726,13,3150297,2020-04-18 17:51:36.000000
726,727,13,3149860,2020-04-18 18:13:19.000000
727,728,13,3156766,2020-04-18 18:44:49.000000
728,729,13,3157526,2020-04-18 18:57:02.000000
729,730,13,3164761,2020-04-19 13:21:53.000000
730,731,13,3152279,2020-04-19 13:46:13.000000
731,732,13,3161668,2020-04-19 16:00:37.000000
732,733,13,3162796,2020-04-19 16:29:55.000000
733,734,13,3157141,2020-04-19 21:06:40.000000
734,735,13,3162552,2020-04-19 21:58:16.000000
735,736,13,3162279,2020-04-20 20:34:02.000000
736,737,13,3162046,2020-04-21 10:36:20.000000
737,738,13,3159940,2020-04-22 17:28:11.000000
738,739,13,3157113,2020-04-23 09:07:22.000000
739,740,13,3157905,2020-04-23 10:41:12.000000
740,741,13,3158930,2020-04-23 20:21:44.000000
741,742,13,3150394,2020-04-23 21:39:11.000000
742,743,13,3150248,2020-04-24 10:33:22.000000
743,744,13,1212957,2020-04-24 16:12:13.000000
744,745,13,3158442,2020-04-24 17:19:16.000000
745,746,13,3157552,2020-04-24 18:29:09.000000
746,747,13,3157184,2020-04-24 18:39:15.000000
747,748,13,3150115,2020-04-24 22:53:10.000000
748,749,13,3150439,2020-04-24 23:08:12.000000
749,750,13,3161850,2020-04-24 23:25:48.000000
750,751,13,3150244,2020-04-25 10:43:37.000000
751,752,14,3157526,2020-04-25 20:18:10.000000
752,753,14,3150108,2020-04-26 00:03:07.000000
753,754,14,3149860,2020-04-26 11:39:05.000000
754,755,14,3150297,2020-04-26 15:58:31.000000
755,756,14,3156766,2020-04-27 11:25:01.000000
756,757,21,3157113,2020-04-27 16:28:56.264188
757,758,22,3150248,2020-04-27 16:29:16.533806
758,759,22,3161668,2020-04-27 16:29:17.204215
759,760,22,3150394,2020-04-27 16:29:17.408627
760,761,22,3157003,2020-04-27 16:29:17.632249
761,762,22,3157552,2020-04-27 16:29:17.818340
762,763,22,3162279,2020-04-27 16:29:18.002404
763,764,22,3149860,2020-04-27 16:29:18.526368
764,765,22,3156766,2020-04-27 16:29:18.740069
765,766,22,3162112,2020-04-27 16:29:18.930869
766,767,22,3150115,2020-04-27 16:29:19.111135
767,768,22,3157947,2020-04-27 16:29:19.300740
768,769,22,3166844,2020-04-27 16:29:19.474952
769,770,22,3162796,2020-04-27 16:29:19.661493
770,771,22,3150439,2020-04-27 16:29:19.853386
771,772,22,3162787,2020-04-27 16:29:20.037351
772,773,22,3161850,2020-04-27 16:29:20.226927
773,774,22,3163615,2020-04-27 16:29:20.428174
774,775,22,3149939,2020-04-27 16:29:20.676586
775,776,31,3157113,2020-04-27 16:29:20.702743
776,777,22,3157113,2020-04-27 16:29:21.016396
777,778,22,3150244,2020-04-27 16:29:21.188622
778,779,32,3157113,2020-04-27 16:29:21.225895
779,780,22,3156740,2020-04-27 16:29:21.394125
780,781,22,3156830,2020-04-27 16:29:21.612887
781,782,22,3161294,2020-04-27 16:29:21.803871
782,783,22,3158930,2020-04-27 16:29:21.976139
783,784,22,3157696,2020-04-27 16:29:22.159035
784,785,22,1212957,2020-04-27 16:29:22.327747
785,786,22,3158442,2020-04-27 16:29:22.508704
786,787,22,3150297,2020-04-27 16:29:22.696927
787,788,22,3159940,2020-04-27 16:29:22.894243
788,789,22,3157526,2020-04-27 16:29:23.093894
789,790,22,3162552,2020-04-27 16:29:23.281766
790,791,22,3152279,2020-04-27 16:29:23.465088
791,792,22,3156799,2020-04-27 16:29:23.659661
792,793,22,3164761,2020-04-27 16:29:23.847528
793,794,22,3157184,2020-04-27 16:29:24.042045
794,795,22,3150108,2020-04-27 16:29:24.228658
795,796,22,3162046,2020-04-27 16:29:24.418895
796,797,22,3157141,2020-04-27 16:29:24.616639
797,798,22,3156906,2020-04-27 16:29:24.818057
798,799,22,3161825,2020-04-27 16:29:25.382665
799,800,22,3168980,2020-04-27 16:29:25.638052
800,801,21,3150248,2020-04-27 16:29:26.710841
801,802,31,3161668,2020-04-27 16:29:38.106008
802,803,31,3150248,2020-04-27 16:29:41.077171
803,804,31,3157003,2020-04-27 16:29:46.907800
804,805,31,3157552,2020-04-27 16:29:50.269271
805,806,31,3162279,2020-04-27 16:29:50.473599
806,807,31,3149860,2020-04-27 16:29:50.659639
807,808,31,3156766,2020-04-27 16:29:50.847688
808,809,31,3162112,2020-04-27 16:29:51.033858
809,810,31,3150115,2020-04-27 16:29:51.234370
810,811,31,3157947,2020-04-27 16:29:51.422788
811,812,22,3157905,2020-04-27 16:29:52.239245
812,813,31,3162787,2020-04-27 16:30:03.139899
813,814,31,3161850,2020-04-27 16:30:03.745152
814,815,31,3163615,2020-04-27 16:30:04.790633
815,816,31,3149939,2020-04-27 16:30:05.301358
816,817,21,3161668,2020-04-27 16:30:06.398838
817,818,21,3150394,2020-04-27 16:30:06.898586
818,819,21,3157003,2020-04-27 16:30:07.447265
819,820,21,3157552,2020-04-27 16:30:07.700213
820,821,21,3162279,2020-04-27 16:30:07.911866
821,822,21,3149860,2020-04-27 16:30:08.288843
822,823,21,3156766,2020-04-27 16:30:08.707182
823,824,21,3162112,2020-04-27 16:30:08.901248
824,825,21,3150115,2020-04-27 16:30:09.068817
825,826,21,3157947,2020-04-27 16:30:09.530537
826,827,21,3166844,2020-04-27 16:30:09.946444
827,828,21,3162796,2020-04-27 16:30:10.089647
828,829,21,3150439,2020-04-27 16:30:10.263346
829,830,21,3162787,2020-04-27 16:30:10.444038
830,831,21,3161850,2020-04-27 16:30:10.610044
831,832,21,3163615,2020-04-27 16:30:10.874603
832,833,21,3149939,2020-04-27 16:30:11.051685
833,834,21,3150244,2020-04-27 16:30:11.261264
834,835,21,3156740,2020-04-27 16:30:11.485669
835,836,31,3150439,2020-04-27 16:30:11.660170
836,837,21,3156830,2020-04-27 16:30:11.773351
837,838,21,3161294,2020-04-27 16:30:11.979576
838,839,21,3158930,2020-04-27 16:30:12.231602
839,840,21,3157696,2020-04-27 16:30:12.479364
840,841,21,1212957,2020-04-27 16:30:12.663619
841,842,21,3158442,2020-04-27 16:30:12.883400
842,843,21,3150297,2020-04-27 16:30:13.083816
843,844,21,3159940,2020-04-27 16:30:13.278929
844,845,21,3157526,2020-04-27 16:30:13.572773
845,846,21,3162552,2020-04-27 16:30:13.781058
846,847,21,3152279,2020-04-27 16:30:13.967438
847,848,21,3156799,2020-04-27 16:30:14.166564
848,849,31,3156740,2020-04-27 16:30:14.308241
849,850,21,3164761,2020-04-27 16:30:14.478181
850,851,21,3157184,2020-04-27 16:30:14.729302
851,852,21,3150108,2020-04-27 16:30:15.007446
852,853,21,3162046,2020-04-27 16:30:15.250255
853,854,21,3157141,2020-04-27 16:30:15.425204
854,855,21,3156906,2020-04-27 16:30:15.650127
855,856,21,3161825,2020-04-27 16:30:15.918784
856,857,21,3168980,2020-04-27 16:30:16.160993
857,858,31,3161294,2020-04-27 16:31:04.905282
858,859,31,3158930,2020-04-27 16:31:09.419277
859,860,31,3168980,2020-04-27 16:31:17.161056
860,861,31,3158442,2020-04-27 16:31:47.852763
861,862,31,3150297,2020-04-27 16:31:48.420342
862,863,31,3156906,2020-04-27 16:31:48.905672
863,864,31,3159940,2020-04-27 16:31:49.102334
864,865,31,3157526,2020-04-27 16:31:49.303795
865,866,31,3162552,2020-04-27 16:31:49.547377
866,867,31,3152279,2020-04-27 16:31:49.739097
867,868,31,3156799,2020-04-27 16:31:49.937774
868,869,31,3164761,2020-04-27 16:31:50.141736
869,870,31,3157184,2020-04-27 16:31:50.345862
870,871,31,3150108,2020-04-27 16:31:50.540965
871,872,31,3162046,2020-04-27 16:31:50.748338
872,873,32,3156799,2020-04-27 16:31:57.556986
873,874,32,3158930,2020-04-27 16:31:58.282583
874,875,32,3161850,2020-04-27 16:32:02.418611
875,876,32,3150439,2020-04-27 16:32:03.631669
876,877,32,3157552,2020-04-27 16:32:07.231957
877,878,32,3161668,2020-04-27 16:32:09.055323
878,879,32,3149860,2020-04-27 16:32:14.292942
879,880,32,3164761,2020-04-27 16:32:21.026843
880,881,32,3157184,2020-04-27 16:32:21.316827
881,882,32,3150108,2020-04-27 16:32:21.548740
882,883,32,3162046,2020-04-27 16:32:21.772839
883,884,32,3157141,2020-04-27 16:32:22.039701
884,885,33,3156766,2020-04-27 16:32:22.113856
885,886,32,3158442,2020-04-27 16:32:28.883850
886,887,32,3150297,2020-04-27 16:32:29.275596
887,888,32,3159940,2020-04-27 16:32:29.719350
888,889,32,3157526,2020-04-27 16:32:30.020295
889,890,32,1212957,2020-04-27 16:32:46.549980
890,891,33,3150297,2020-04-27 16:32:57.846559
891,892,33,3149860,2020-04-27 16:33:03.344858
892,893,32,3157905,2020-04-27 16:33:51.084894
893,894,32,3157003,2020-04-27 16:34:01.004979
894,895,33,3157526,2020-04-27 16:34:38.377803
895,896,33,3156799,2020-04-27 16:34:53.216379
896,897,32,3149939,2020-04-27 16:35:31.604586
897,898,31,1212957,2020-04-27 16:35:59.858233
898,899,32,3150394,2020-04-27 16:36:21.207508
899,900,33,3150108,2020-04-27 16:36:30.925232
900,901,32,3150115,2020-04-27 16:36:33.457229
901,902,32,3156766,2020-04-27 16:37:07.438927
902,903,33,3149939,2020-04-27 16:37:10.776753
903,904,32,3162796,2020-04-27 16:39:16.403463
904,905,32,3156740,2020-04-27 16:39:46.817574
905,906,5143346,3161668,2020-04-27 17:44:59.000000
